Name,Set
echo ahrim's ornament kit,echo ahrim's ornament kit
echo home teleport scroll,echo home teleport scroll
echo venator bow ornament kit,echo venator bow ornament kit
echo virtus ornament kit,echo virtus ornament kit
raging echoes banner,raging echoes banner
raging echoes boots (t1),raging echoes relic hunter (t1)
raging echoes boots (t2),raging echoes relic hunter (t2)
raging echoes boots (t3),raging echoes relic hunter (t3)
raging echoes cane,raging echoes relic hunter (t3) armour set
raging echoes cane,raging echoes relic hunter (t3)
raging echoes curtains,raging echoes curtains
raging echoes death scroll,raging echoes death scroll
raging echoes hat (t1),raging echoes relic hunter (t1)
raging echoes hat (t2),raging echoes relic hunter (t2)
raging echoes hat (t3),raging echoes relic hunter (t3)
raging echoes nexus scroll,raging echoes nexus scroll
raging echoes npc contact scroll,raging echoes npc contact scroll
raging echoes portal scroll,raging echoes portal scroll
raging echoes relic hunter (t1) armour set,raging echoes relic hunter (t1) armour set
raging echoes relic hunter (t2) armour set,raging echoes relic hunter (t2) armour set
raging echoes relic hunter (t3) armour set,raging echoes relic hunter (t3) armour set
raging echoes robeskirt (t1),raging echoes relic hunter (t1)
raging echoes robeskirt (t2),raging echoes relic hunter (t2)
raging echoes robeskirt (t3),raging echoes relic hunter (t3)
raging echoes rug,raging echoes rug
raging echoes scrying pool scroll,raging echoes scrying pool scroll
raging echoes spirit tree scroll,raging echoes spirit tree scroll
raging echoes top (t1),raging echoes relic hunter (t1)
raging echoes top (t2),raging echoes relic hunter (t2)
raging echoes top (t3),raging echoes relic hunter (t3)
shattered banner,shattered banner
shattered boots (t1),shattered relic hunter (t1)
shattered boots (t2),shattered relic hunter (t2)
shattered boots (t3),shattered relic hunter (t3)
shattered cane,shattered relic hunter (t3)
shattered cane,shattered relic hunter (t3) armour set
shattered cannon ornament kit,shattered cannon ornament kit
shattered hood (t1),shattered relic hunter (t1)
shattered hood (t2),shattered relic hunter (t2)
shattered hood (t3),shattered relic hunter (t3)
shattered relic hunter (t1) armour set,shattered relic hunter (t1) armour set
shattered relic hunter (t2) armour set,shattered relic hunter (t2) armour set
shattered relic hunter (t3) armour set,shattered relic hunter (t3) armour set
shattered relics mystic ornament kit,shattered relics mystic ornament kit
shattered relics variety ornament kit,shattered relics variety ornament kit
shattered relics void ornament kit,shattered relics void ornament kit
shattered teleport scroll,shattered teleport scroll
shattered top (t1),shattered relic hunter (t1)
shattered top (t2),shattered relic hunter (t2)
shattered top (t3),shattered relic hunter (t3)
shattered trousers (t1),shattered relic hunter (t1)
shattered trousers (t2),shattered relic hunter (t2)
shattered trousers (t3),shattered relic hunter (t3)
trailblazer banner,trailblazer banner
trailblazer boots (t1),trailblazer relic hunter (t1)
trailblazer boots (t2),trailblazer relic hunter (t2)
trailblazer boots (t3),trailblazer relic hunter (t3)
trailblazer cane,trailblazer relic hunter (t3)
trailblazer cane,trailblazer relic hunter (t3) armour set
trailblazer globe,trailblazer globe
trailblazer graceful ornament kit,trailblazer graceful ornament kit
trailblazer hood (t1),trailblazer relic hunter (t1)
trailblazer hood (t2),trailblazer relic hunter (t2)
trailblazer hood (t3),trailblazer relic hunter (t3)
trailblazer relic hunter (t1) armour set,trailblazer relic hunter (t1) armour set
trailblazer relic hunter (t2) armour set,trailblazer relic hunter (t2) armour set
trailblazer relic hunter (t3) armour set,trailblazer relic hunter (t3) armour set
trailblazer reloaded alchemy scroll,trailblazer reloaded alchemy scroll
trailblazer reloaded banner,trailblazer reloaded banner
trailblazer reloaded blowpipe ornament kit,trailblazer reloaded blowpipe ornament kit
trailblazer reloaded boots (t1),trailblazer reloaded relic hunter (t1)
trailblazer reloaded boots (t2),trailblazer reloaded relic hunter (t2)
trailblazer reloaded boots (t3),trailblazer reloaded relic hunter (t3)
trailblazer reloaded bulwark ornament kit,trailblazer reloaded bulwark ornament kit
trailblazer reloaded death scroll,trailblazer reloaded death scroll
trailblazer reloaded headband (t1),trailblazer reloaded relic hunter (t1)
trailblazer reloaded headband (t2),trailblazer reloaded relic hunter (t2)
trailblazer reloaded headband (t3),trailblazer reloaded relic hunter (t3)
trailblazer reloaded home teleport scroll,trailblazer reloaded home teleport scroll
trailblazer reloaded rejuvenation pool scroll,trailblazer reloaded rejuvenation pool scroll
trailblazer reloaded relic hunter (t1) armour set,trailblazer reloaded relic hunter (t1) armour set
trailblazer reloaded relic hunter (t2) armour set,trailblazer reloaded relic hunter (t2) armour set
trailblazer reloaded relic hunter (t3) armour set,trailblazer reloaded relic hunter (t3) armour set
trailblazer reloaded top (t1),trailblazer reloaded relic hunter (t1)
trailblazer reloaded top (t2),trailblazer reloaded relic hunter (t2)
trailblazer reloaded top (t3),trailblazer reloaded relic hunter (t3)
trailblazer reloaded torch,trailblazer reloaded relic hunter (t3) armour set
trailblazer reloaded torch,trailblazer reloaded relic hunter (t3)
trailblazer reloaded trousers (t1),trailblazer reloaded relic hunter (t1)
trailblazer reloaded trousers (t2),trailblazer reloaded relic hunter (t2)
trailblazer reloaded trousers (t3),trailblazer reloaded relic hunter (t3)
trailblazer reloaded vengeance scroll,trailblazer reloaded vengeance scroll
trailblazer rug,trailblazer rug
trailblazer teleport scroll,trailblazer teleport scroll
trailblazer top (t1),trailblazer relic hunter (t1)
trailblazer top (t2),trailblazer relic hunter (t2)
trailblazer top (t3),trailblazer relic hunter (t3)
trailblazer trousers (t1),trailblazer relic hunter (t1)
trailblazer trousers (t2),trailblazer relic hunter (t2)
trailblazer trousers (t3),trailblazer relic hunter (t3)
twisted banner,twisted banner
twisted blueprints,twisted blueprints
twisted boots (t1),twisted relic hunter (t1)
twisted boots (t2),twisted relic hunter (t2)
twisted boots (t3),twisted relic hunter (t3)
twisted cane,twisted relic hunter (t3) armour set
twisted cane,twisted relic hunter (t3)
twisted coat (t1),twisted relic hunter (t1)
twisted coat (t2),twisted relic hunter (t2)
twisted coat (t3),twisted relic hunter (t3)
twisted hat (t1),twisted relic hunter (t1)
twisted hat (t2),twisted relic hunter (t2)
twisted hat (t3),twisted relic hunter (t3)
twisted horns,twisted horns
twisted relic hunter (t1) armour set,twisted relic hunter (t1) armour set
twisted relic hunter (t2) armour set,twisted relic hunter (t2) armour set
twisted relic hunter (t3) armour set,twisted relic hunter (t3) armour set
twisted teleport scroll,twisted teleport scroll
twisted trousers (t1),twisted relic hunter (t1)
twisted trousers (t2),twisted relic hunter (t2)
twisted trousers (t3),twisted relic hunter (t3)
trailblazer tool ornament kit,trailblazer tool ornament kit
